{"cameraMode":{"drawMode":0,"name":"Shaded","section":"Shading Mode"},"sceneLighting":true,"audioPlay":false,"sceneViewState":{"m_AlwaysRefresh":false,"showFog":true,"showSkybox":true,"showFlares":true,"showImageEffects":true,"showParticleSystems":true,"showVisualEffectGraphs":true,"m_FxEnabled":true},"in2DMode":false,"pivot":{"x":-0.26115208864212038,"y":1.1939074993133546,"z":2.8687329292297365},"rotation":{"x":-0.10200165212154389,"y":0.2798457443714142,"z":-0.029915982857346536,"w":-0.9541355967521668},"size":5.016740322113037,"orthographic":false}